{"skeleton":{"hash":"jsiWihQQ2MQ","spine":"4.2.43","x":-368,"y":-255,"width":750,"height":775},"bones":[{"name":"root"}],"slots":[{"name":"VILLAIN","bone":"root","attachment":"Villano 2_00024"}],"skins":[{"name":"default","attachments":{"VILLAIN":{"Villano 2_00000":{"x":7.5,"y":132.5,"width":749,"height":775},"Villano 2_00001":{"x":7,"y":132.5,"width":750,"height":775},"Villano 2_00002":{"x":6.5,"y":132.5,"width":751,"height":775},"Villano 2_00003":{"x":6,"y":132.5,"width":752,"height":775},"Villano 2_00004":{"x":7.5,"y":132.5,"width":752,"height":775},"Villano 2_00005":{"x":6,"y":132.5,"width":754,"height":775},"Villano 2_00006":{"x":7.5,"y":132.5,"width":755,"height":775},"Villano 2_00007":{"x":2.5,"y":132.5,"width":755,"height":775},"Villano 2_00008":{"x":7.5,"y":132.5,"width":757,"height":775},"Villano 2_00009":{"x":1,"y":132.5,"width":758,"height":775},"Villano 2_00010":{"x":1,"y":132.5,"width":758,"height":775},"Villano 2_00011":{"x":1,"y":132,"width":758,"height":774},"Villano 2_00012":{"x":1,"y":132.5,"width":758,"height":775},"Villano 2_00013":{"x":1.5,"y":132.5,"width":757,"height":775},"Villano 2_00014":{"x":1.5,"y":132.5,"width":757,"height":775},"Villano 2_00015":{"x":2,"y":132.5,"width":756,"height":775},"Villano 2_00016":{"x":3,"y":132.5,"width":756,"height":775},"Villano 2_00017":{"x":3.5,"y":132.5,"width":755,"height":775},"Villano 2_00018":{"x":4,"y":132.5,"width":754,"height":775},"Villano 2_00019":{"x":4.5,"y":132.5,"width":753,"height":775},"Villano 2_00020":{"x":5,"y":132.5,"width":752,"height":775},"Villano 2_00021":{"x":6,"y":132.5,"width":752,"height":775},"Villano 2_00022":{"x":6.5,"y":132.5,"width":751,"height":775},"Villano 2_00023":{"x":7,"y":132.5,"width":750,"height":775},"Villano 2_00024":{"x":7,"y":132.5,"width":750,"height":775}}}}],"animations":{"animation":{"slots":{"VILLAIN":{"attachment":[{"name":"Villano 2_00024"},{"time":0.0667,"name":"Villano 2_00023"},{"time":0.1333,"name":"Villano 2_00022"},{"time":0.2,"name":"Villano 2_00021"},{"time":0.2667,"name":"Villano 2_00020"},{"time":0.3333,"name":"Villano 2_00019"},{"time":0.4,"name":"Villano 2_00018"},{"time":0.4667,"name":"Villano 2_00017"},{"time":0.5333,"name":"Villano 2_00016"},{"time":0.6,"name":"Villano 2_00015"},{"time":0.6667,"name":"Villano 2_00014"},{"time":0.7333,"name":"Villano 2_00013"},{"time":0.8,"name":"Villano 2_00012"},{"time":0.8667,"name":"Villano 2_00011"},{"time":0.9333,"name":"Villano 2_00010"},{"time":1,"name":"Villano 2_00009"},{"time":1.0667,"name":"Villano 2_00008"},{"time":1.1333,"name":"Villano 2_00007"},{"time":1.2,"name":"Villano 2_00006"},{"time":1.2667,"name":"Villano 2_00005"},{"time":1.3333,"name":"Villano 2_00004"},{"time":1.4,"name":"Villano 2_00003"},{"time":1.4667,"name":"Villano 2_00002"},{"time":1.5333,"name":"Villano 2_00001"},{"time":1.6,"name":"Villano 2_00024"}]}},"bones":{"root":{"translate":[{"time":1,"curve":"stepped"},{"time":1.0333},{"time":1.0667,"x":-4.34,"curve":"stepped"},{"time":1.1,"x":-4.34},{"time":1.1333}]}}}}}